ESTADO,CIUDAD,DISTRIBUIDOR,PARROQUIA,MUNICIPIO
Amazonas ,Maroa,âš¡ Disbattery ğŸ”´,Victorino,Maroa
Amazonas ,Puerto Ayacucho,âš¡ Disbattery ğŸ”´,Fernando GirÃ³n Tovar,Atures
Amazonas ,San Fernando de Atabapo,âš¡ Disbattery ğŸ”´,Ucata Laja Lisa,Atabapo
AnzoÃ¡tegui ,Anaco,ğŸŒ… Oceano Pacifico ğŸŸ§,Anaco,Anaco
AnzoÃ¡tegui ,Aragua de Barcelona,ğŸŒ… Oceano Pacifico ğŸŸ§,Cachipo,Aragua
AnzoÃ¡tegui ,Barcelona,ğŸŒ… Oceano Pacifico ğŸŸ§,BergantÃ­n,SimÃ³n BolÃ­var
AnzoÃ¡tegui ,Boca de Uchire,ğŸŒ… Oceano Pacifico ğŸŸ§,Boca de Uchire,San Juan de Capistrano
AnzoÃ¡tegui ,Cantaura,ğŸŒ… Oceano Pacifico ğŸŸ§,Cantaura,Freites
AnzoÃ¡tegui ,Clarines,ğŸŒ… Oceano Pacifico ğŸŸ§,Chivacoa,Bruzual
AnzoÃ¡tegui ,El Chaparro,ğŸŒ… Oceano Pacifico ğŸŸ§,General Sir Arthur McGregor,Sir Arthur McGregor
AnzoÃ¡tegui ,El Pao AnzoÃ¡tegui,ğŸŒ… Oceano Pacifico ğŸŸ§,San Mateo,Libertad
AnzoÃ¡tegui ,El Tigre,ğŸŒ… Oceano Pacifico ğŸŸ§,Edmundo Barrios,SimÃ³n RodrÃ­guez
AnzoÃ¡tegui ,El Tigrito,ğŸŒ… Oceano Pacifico ğŸŸ§,San JosÃ© de Guanipa,San JosÃ© de Guanipa
AnzoÃ¡tegui ,Guanape,ğŸŒ… Oceano Pacifico ğŸŸ§,Valle de Guanape,Francisco del Carmen Carvajal
AnzoÃ¡tegui ,Guanta,ğŸŒ… Oceano Pacifico ğŸŸ§,Guanta,Guanta
AnzoÃ¡tegui ,LecherÃ­a,ğŸŒ… Oceano Pacifico ğŸŸ§,LecherÃ­a,Diego Bautista Urbaneja
AnzoÃ¡tegui ,Onoto,ğŸŒ… Oceano Pacifico ğŸŸ§,Onoto,Juan Manuel Cajigal
AnzoÃ¡tegui ,PariaguÃ¡n,ğŸŒ… Oceano Pacifico ğŸŸ§,Atapirire,Francisco de Miranda
AnzoÃ¡tegui ,PÃ­ritu,ğŸŒ… Oceano Pacifico ğŸŸ§,PÃ­ritu,PÃ­ritu
AnzoÃ¡tegui ,Puerto La Cruz,ğŸŒ… Oceano Pacifico ğŸŸ§,Puerto La Cruz,Juan Antonio Sotillo
AnzoÃ¡tegui ,Puerto PÃ­ritu,ğŸŒ… Oceano Pacifico ğŸŸ§,Puerto PÃ­ritu,Fernando de PeÃ±alver
AnzoÃ¡tegui ,Sabana de Uchire,ğŸŒ… Oceano Pacifico ğŸŸ§,Boca de Uchire,San Juan de Capistrano
AnzoÃ¡tegui ,San Mateo AnzoÃ¡tegui,ğŸŒ… Oceano Pacifico ğŸŸ§,San Mateo,Libertad
AnzoÃ¡tegui ,San Pablo AnzoÃ¡tegui,ğŸŒ… Oceano Pacifico ğŸŸ§,Mamo,Independencia
AnzoÃ¡tegui ,San TomÃ©,ğŸŒ… Oceano Pacifico ğŸŸ§,San TomÃ©,Freites
AnzoÃ¡tegui ,Santa Ana de AnzoÃ¡tegui,ğŸŒ… Oceano Pacifico ğŸŸ§,Pueblo Nuevo,Santa Ana
AnzoÃ¡tegui ,Santa Fe AnzoÃ¡tegui,ğŸŒ… Oceano Pacifico ğŸŸ§,Santa Fe AnzoÃ¡tegui,Freites
AnzoÃ¡tegui ,Santa Rosa,ğŸŒ… Oceano Pacifico ğŸŸ§,San Mateo,Libertad
AnzoÃ¡tegui ,Soledad,ğŸŒ… Oceano Pacifico ğŸŸ§,Mamo,Independencia
AnzoÃ¡tegui ,Urica,ğŸŒ… Oceano Pacifico ğŸŸ§,San JosÃ© de Guanipa,San JosÃ© de Guanipa
AnzoÃ¡tegui ,Valle de Guanape,ğŸŒ… Oceano Pacifico ğŸŸ§,Valle de Guanape,Francisco del Carmen Carvajal
Apure ,Achaguas,âœ¨Blitz 2000ğŸ”µ,Achaguas,Achaguas
Apure ,Biruaca,âœ¨Blitz 2000ğŸ”µ,Biruaca,Biruaca
Apure ,Bruzual,âœ¨Blitz 2000ğŸ”µ,Bruzual,MuÃ±oz
Apure ,El Amparo,âœ¨Blitz 2000ğŸ”µ,Guasdualito,PÃ¡ez
Apure ,El Nula,âœ¨Blitz 2000ğŸ”µ,Guasdualito,PÃ¡ez
Apure ,Elorza,âœ¨Blitz 2000ğŸ”µ,Elorza,RÃ³mulo Gallegos
Apure ,Guasdualito,âœ¨Blitz 2000ğŸ”µ,Guasdualito,PÃ¡ez
Apure ,Mantecal,âœ¨Blitz 2000ğŸ”µ,Mantecal,MuÃ±oz
Apure ,Puerto PÃ¡ez,âœ¨Blitz 2000ğŸ”µ,San Juan de Payara,Pedro Camejo
Apure ,San Fernando de Apure,âœ¨Blitz 2000ğŸ”µ,San Fernando,San Fernando
Apure ,San Juan de Payara,âœ¨Blitz 2000ğŸ”µ,San Juan de Payara,Pedro Camejo
Aragua ,Barbacoas,ğŸ”· Grupo Disbattery ğŸŸ¦,Urdaneta,Urdaneta
Aragua ,Cagua,ğŸ”· Grupo Disbattery ğŸŸ¦,Cagua,Sucre
Aragua ,Camatagua,ğŸ”· Grupo Disbattery ğŸŸ¦,Camatagua,Camatagua
Aragua ,ChoronÃ­,ğŸ”· Grupo Disbattery ğŸŸ¦,El BaÃºl,Girardot
Aragua ,Colonia Tovar,ğŸ”· Grupo Disbattery ğŸŸ¦,Tovar,Tovar
Aragua ,El Consejo,ğŸ”· Grupo Disbattery ğŸŸ¦,JosÃ© Rafael Revenga,JosÃ© Rafael Revenga
Aragua ,La Victoria,ğŸ”· Grupo Disbattery ğŸŸ¦,JosÃ© FÃ©lix Ribas,JosÃ© FÃ©lix Ribas
Aragua ,Las TejerÃ­as,ğŸ”· Grupo Disbattery ğŸŸ¦,Santos Michelena,Santos Michelena
Aragua ,Magdaleno,ğŸ”· Grupo Disbattery ğŸŸ¦,Palo Negro,Libertador
Aragua ,Maracay,ğŸ”· Grupo Disbattery ğŸŸ¦,El BaÃºl,Girardot
Aragua ,Ocumare de La Costa,ğŸ”· Grupo Disbattery ğŸŸ¦,Ocumare de la Costa,Ocumare de la Costa de Oro
Aragua ,Palo Negro,ğŸ”· Grupo Disbattery ğŸŸ¦,Palo Negro,Libertador
Aragua ,San Casimiro,ğŸ”· Grupo Disbattery ğŸŸ¦,San Casimiro,San Casimiro
Aragua ,San Mateo,ğŸ”· Grupo Disbattery ğŸŸ¦,BolÃ­var,BolÃ­var
Aragua ,San SebastiÃ¡n,ğŸ”· Grupo Disbattery ğŸŸ¦,San SebastÃ­an,San SebastiÃ¡n
Aragua ,Santa Cruz de Aragua,ğŸ”· Grupo Disbattery ğŸŸ¦,Santa Cruz de Aragua,JosÃ© Angel Lamas
Aragua ,TocorÃ³n,ğŸ”· Grupo Disbattery ğŸŸ¦,Zamora,Zamora
Aragua ,Turmero,ğŸ”· Grupo Disbattery ğŸŸ¦,Turmero,Santiago MariÃ±o
Aragua ,Villa de Cura,ğŸ”· Grupo Disbattery ğŸŸ¦,Zamora,Zamora
Aragua ,Zuata,ğŸ”· Grupo Disbattery ğŸŸ¦,JosÃ© FÃ©lix Ribas,JosÃ© FÃ©lix Ribas
Barinas ,Barinas,ğŸ† Grupo Victoria ğŸŸ¡,Barinas,Barinas
Barinas ,Barinitas,ğŸ† Grupo Victoria ğŸŸ¡,BolÃ­var,BolÃ­var
Barinas ,Barrancas,ğŸ† Grupo Victoria ğŸŸ¡,Barrancas,Cruz Paredes
Barinas ,Calderas,ğŸ† Grupo Victoria ğŸŸ¡,BolÃ­var,BolÃ­var
Barinas ,Capitanejo,ğŸ† Grupo Victoria ğŸŸ¡,Ciudad BolÃ­via,Pedraza
Barinas ,Ciudad Bolivia,ğŸ† Grupo Victoria ğŸŸ¡,Ciudad BolÃ­via,Pedraza
Barinas ,El CantÃ³n,ğŸ† Grupo Victoria ğŸŸ¡,El CantÃ³n,AndrÃ©s Eloy Blanco
Barinas ,Las Veguitas,ğŸ† Grupo Victoria ğŸŸ¡,Sabaneta,Alberto Arvelo Torrealba
Barinas ,Libertad de Barinas,ğŸ† Grupo Victoria ğŸŸ¡,Libertad,Rojas
Barinas ,Sabaneta,ğŸ† Grupo Victoria ğŸŸ¡,Sabaneta,Alberto Arvelo Torrealba
Barinas ,Santa BÃ¡rbara de Barinas,ğŸ† Grupo Victoria ğŸŸ¡,Santa BÃ¡rbara,Ezequiel Zamora
Barinas ,SocopÃ³,ğŸ† Grupo Victoria ğŸŸ¡,Ticoporo,Antonio JosÃ© de Sucre
BolÃ­var ,Caicara del Orinoco,ğŸŒ… Oceano Pacifico ğŸŸ§,CedeÃ±o,CedeÃ±o
BolÃ­var ,Canaima,ğŸŒ… Oceano Pacifico ğŸŸ§,Gran Sabana,Gran Sabana
BolÃ­var ,Ciudad BolÃ­var,ğŸŒ… Oceano Pacifico ğŸŸ§,Catedral,Heres
BolÃ­var ,Ciudad Piar,ğŸŒ… Oceano Pacifico ğŸŸ§,Ciudad Piar,RaÃºl Leoni
BolÃ­var ,El Callao,ğŸŒ… Oceano Pacifico ğŸŸ§,El Callao,El Callao
BolÃ­var ,El Dorado,ğŸŒ… Oceano Pacifico ğŸŸ§,Sifontes,Sifontes
BolÃ­var ,El Manteco,ğŸŒ… Oceano Pacifico ğŸŸ§,AndrÃ©s Eloy Blanco,Piar
BolÃ­var ,El Palmar,ğŸŒ… Oceano Pacifico ğŸŸ§,Padre Pedro Chien,Padre Pedro Chien
BolÃ­var ,El Pao,ğŸŒ… Oceano Pacifico ğŸŸ§,AndrÃ©s Eloy Blanco,Piar
BolÃ­var ,Guasipati,ğŸŒ… Oceano Pacifico ğŸŸ§,Roscio,Roscio
BolÃ­var ,Guri,ğŸŒ… Oceano Pacifico ğŸŸ§,Guri,RaÃºl Leoni
BolÃ­var ,La Paragua,ğŸŒ… Oceano Pacifico ğŸŸ§,La Paragua,Angostura
BolÃ­var ,Matanzas,ğŸŒ… Oceano Pacifico ğŸŸ§,AndrÃ©s Eloy Blanco,Piar
BolÃ­var ,Puerto Ordaz,ğŸŒ… Oceano Pacifico ğŸŸ§,Cachamay,CaronÃ­
BolÃ­var ,San FÃ©lix,ğŸŒ… Oceano Pacifico ğŸŸ§,Cachamay,CaronÃ­
BolÃ­var ,Santa Elena de UairÃ©n,ğŸŒ… Oceano Pacifico ğŸŸ§,Gran Sabana,Gran Sabana
BolÃ­var ,Tumeremo,ğŸŒ… Oceano Pacifico ğŸŸ§,Sifontes,Sifontes
BolÃ­var ,Unare,ğŸŒ… Oceano Pacifico ğŸŸ§,Cachamay,CaronÃ­
BolÃ­var ,Upata,ğŸŒ… Oceano Pacifico ğŸŸ§,AndrÃ©s Eloy Blanco,Piar
Carabobo ,Bejuma,âœ¨Blitz 2000ğŸ”µ,Bejuma,Bejuma
Carabobo ,BelÃ©n,âœ¨Blitz 2000ğŸ”µ,Candelaria,Valencia
Carabobo ,Campo de Carabobo,âœ¨Blitz 2000ğŸ”µ,Palo Negro,Libertador
Carabobo ,Canoabo,âœ¨Blitz 2000ğŸ”µ,Bejuma,Bejuma
Carabobo ,Central Tacarigua,âœ¨Blitz 2000ğŸ”µ,GÃ¼igÃ¼e,Carlos Arvelo
Carabobo ,Chirgua,âœ¨Blitz 2000ğŸ”µ,Bejuma,Bejuma
Carabobo ,Ciudad Alianza,âœ¨Blitz 2000ğŸ”µ,Ciudad Alianza,Guacara
Carabobo ,El Palito,âœ¨Blitz 2000ğŸ”µ,BartolomÃ© SalÃ³m,Puerto Cabello
Carabobo ,Guacara,âœ¨Blitz 2000ğŸ”µ,Ciudad Alianza,Guacara
Carabobo ,Guigue,âœ¨Blitz 2000ğŸ”µ,GÃ¼igÃ¼e,Carlos Arvelo
Carabobo ,Las Trincheras,âœ¨Blitz 2000ğŸ”µ,Naguanagua,Naguanagua
Carabobo ,Los Guayos,âœ¨Blitz 2000ğŸ”µ,Los Guayos,Los Guayos
Carabobo ,Mariara,âœ¨Blitz 2000ğŸ”µ,Mariara,Diego Ibarra
Carabobo ,Miranda,âœ¨Blitz 2000ğŸ”µ,Miranda,Miranda
Carabobo ,MontalbÃ¡n,âœ¨Blitz 2000ğŸ”µ,MontalbÃ¡n,MontalbÃ¡n
Carabobo ,MorÃ³n,âœ¨Blitz 2000ğŸ”µ,MorÃ³n,Juan JosÃ© Mora
Carabobo ,Naguanagua,âœ¨Blitz 2000ğŸ”µ,Naguanagua,Naguanagua
Carabobo ,Puerto Cabello,âœ¨Blitz 2000ğŸ”µ,BartolomÃ© SalÃ³m,Puerto Cabello
Carabobo ,San JoaquÃ­n,âœ¨Blitz 2000ğŸ”µ,San JoaquÃ­n,San JoaquÃ­n
Carabobo ,Tocuyito,âœ¨Blitz 2000ğŸ”µ,Palo Negro,Libertador
Carabobo ,Urama,âœ¨Blitz 2000ğŸ”µ,MorÃ³n,Juan JosÃ© Mora
Carabobo ,Valencia,âœ¨Blitz 2000ğŸ”µ,Candelaria,Valencia
Carabobo ,Vigirimita,âœ¨Blitz 2000ğŸ”µ,Bejuma,Bejuma
Cojedes ,Aguirre,âœ¨Blitz 2000ğŸ”µ,El Amparo,Ricaurte
Cojedes ,Apartaderos Cojedes,âœ¨Blitz 2000ğŸ”µ,Cojedes,AnzoÃ¡tegui
Cojedes ,Arismendi,âœ¨Blitz 2000ğŸ”µ,El Amparo,Ricaurte
Cojedes ,Camuriquito,âœ¨Blitz 2000ğŸ”µ,La Aguadita,Lima Blanco
Cojedes ,El BaÃºl,âœ¨Blitz 2000ğŸ”µ,El BaÃºl,Girardot
Cojedes ,El LimÃ³n,âœ¨Blitz 2000ğŸ”µ,El Amparo,Ricaurte
Cojedes ,El Pao Cojedes,âœ¨Blitz 2000ğŸ”µ,El Pao,Pao de San Juan Bautista
Cojedes ,El Socorro,âœ¨Blitz 2000ğŸ”µ,Cojedes,AnzoÃ¡tegui
Cojedes ,La Aguadita,âœ¨Blitz 2000ğŸ”µ,Adaure,FalcÃ³n
Cojedes ,Las Vegas,âœ¨Blitz 2000ğŸ”µ,Elorza,RÃ³mulo Gallegos
Cojedes ,Libertad de Cojedes,âœ¨Blitz 2000ğŸ”µ,El Amparo,Ricaurte
Cojedes ,Mapuey,âœ¨Blitz 2000ğŸ”µ,La Aguadita,Lima Blanco
Cojedes ,PiÃ±edo,âœ¨Blitz 2000ğŸ”µ,La Aguadita,Lima Blanco
Cojedes ,Samancito,âœ¨Blitz 2000ğŸ”µ,La Aguadita,Lima Blanco
Cojedes ,San Carlos,âœ¨Blitz 2000ğŸ”µ,San Carlos de Austria,San Carlos
Cojedes ,Sucre,âœ¨Blitz 2000ğŸ”µ,Cagua,Sucre
Cojedes ,Tinaco,âœ¨Blitz 2000ğŸ”µ,General en Jefe JosÃ© Laurencio Silva,Tinaco
Cojedes ,Tinaquillo,âœ¨Blitz 2000ğŸ”µ,Adaure,FalcÃ³n
Cojedes ,Vallecito,âœ¨Blitz 2000ğŸ”µ,El Amparo,Ricaurte
Delta Amacuro ,Tucupita,ğŸŒ… Oceano Pacifico ğŸŸ§,San JosÃ© (Delta Amacuro),Tucupita
Distrito Capital ,Caracas,ğŸ”· Grupo Disbattery ğŸŸ¦,Palo Negro,Libertador
Distrito Capital ,El Junquito,ğŸ”· Grupo Disbattery ğŸŸ¦,Palo Negro,Libertador
FalcÃ³n ,AdÃ­cora,ğŸ”· Grupo Disbattery ğŸŸ¦,Adaure,FalcÃ³n
FalcÃ³n ,Boca de Aroa,ğŸ”· Grupo Disbattery ğŸŸ¦,Boca de Aroa,Silva
FalcÃ³n ,Cabure,ğŸ”· Grupo Disbattery ğŸŸ¦,Cabure,Petit
FalcÃ³n ,Capadare,ğŸ”· Grupo Disbattery ğŸŸ¦,Capadare,Acosta
FalcÃ³n ,CapatÃ¡rida,ğŸ”· Grupo Disbattery ğŸŸ¦,Bariro,Buchivacoa
FalcÃ³n ,Chichiriviche,ğŸ”· Grupo Disbattery ğŸŸ¦,Boca del Tocuyo,MonseÃ±or Iturriza
FalcÃ³n ,Churuguara,ğŸ”· Grupo Disbattery ğŸŸ¦,Agua Larga,FederaciÃ³n
FalcÃ³n ,Coro,ğŸ”· Grupo Disbattery ğŸŸ¦,Miranda,Miranda
FalcÃ³n ,Cumarebo,ğŸ”· Grupo Disbattery ğŸŸ¦,Zamora,Zamora
FalcÃ³n ,Dabajuro,ğŸ”· Grupo Disbattery ğŸŸ¦,Dabajuro,Dabajuro
FalcÃ³n ,Judibana,ğŸ”· Grupo Disbattery ğŸŸ¦,Norte,Carirubana
FalcÃ³n ,La Cruz de Taratara,ğŸ”· Grupo Disbattery ğŸŸ¦,Cagua,Sucre
FalcÃ³n ,La Vela de Coro,ğŸ”· Grupo Disbattery ğŸŸ¦,La Vela de Coro,Colina
FalcÃ³n ,Los Taques,ğŸ”· Grupo Disbattery ğŸŸ¦,Los Taques,Los Taques
FalcÃ³n ,Maparari,ğŸ”· Grupo Disbattery ğŸŸ¦,Mene de Mauroa,Mauroa
FalcÃ³n ,Mene de Mauroa,ğŸ”· Grupo Disbattery ğŸŸ¦,Mene de Mauroa,Mauroa
FalcÃ³n ,Mirimire,ğŸ”· Grupo Disbattery ğŸŸ¦,San Francisco,San Francisco
FalcÃ³n ,Pedregal,ğŸ”· Grupo Disbattery ğŸŸ¦,Agua Clara,Democracia
FalcÃ³n ,PÃ­ritu FalcÃ³n,ğŸ”· Grupo Disbattery ğŸŸ¦,PÃ­ritu,PÃ­ritu
FalcÃ³n ,Pueblo Nuevo FalcÃ³n,ğŸ”· Grupo Disbattery ğŸŸ¦,Adaure,FalcÃ³n
FalcÃ³n ,Puerto Cumarebo,ğŸ”· Grupo Disbattery ğŸŸ¦,Zamora,Zamora
FalcÃ³n ,Punta CardÃ³n,ğŸ”· Grupo Disbattery ğŸŸ¦,Norte,Carirubana
FalcÃ³n ,Punto Fijo,ğŸ”· Grupo Disbattery ğŸŸ¦,Norte,Carirubana
FalcÃ³n ,San Juan de Los Cayos,ğŸ”· Grupo Disbattery ğŸŸ¦,Capadare,Acosta
FalcÃ³n ,San Luis,ğŸ”· Grupo Disbattery ğŸŸ¦,BolÃ­var,BolÃ­var
FalcÃ³n ,Santa Ana FalcÃ³n,ğŸ”· Grupo Disbattery ğŸŸ¦,Miranda,Miranda
FalcÃ³n ,Santa Cruz De Bucaral,ğŸ”· Grupo Disbattery ğŸŸ¦,El Charal,UniÃ³n
FalcÃ³n ,Tocopero,ğŸ”· Grupo Disbattery ğŸŸ¦,Tocopero,Tocopero
FalcÃ³n ,Tocuyo de La Costa,ğŸ”· Grupo Disbattery ğŸŸ¦,Boca del Tocuyo,MonseÃ±or Iturriza
FalcÃ³n ,Tucacas,ğŸ”· Grupo Disbattery ğŸŸ¦,Tucacas,Silva
FalcÃ³n ,Yaracal,ğŸ”· Grupo Disbattery ğŸŸ¦,Cacique Manaure,Cacique Manaure
GuÃ¡rico ,Altagracia de Orituco,âœ¨Blitz 2000ğŸ”µ,Altagracia de Orituco,JosÃ© Tadeo Monagas
GuÃ¡rico ,Cabruta,âœ¨Blitz 2000ğŸ”µ,Las Mercedes,Las Mercedes
GuÃ¡rico ,Calabozo,âœ¨Blitz 2000ğŸ”µ,Atapirire,Francisco de Miranda
GuÃ¡rico ,CamaguÃ¡n,âœ¨Blitz 2000ğŸ”µ,CamaguÃ¡n,CamaguÃ¡n
GuÃ¡rico ,Chaguaramas GuÃ¡rico,âœ¨Blitz 2000ğŸ”µ,Chaguaramas,Chaguaramas
GuÃ¡rico ,El Socorro,âœ¨Blitz 2000ğŸ”µ,El Socorro,El Socorro
GuÃ¡rico ,El Sombrero,âœ¨Blitz 2000ğŸ”µ,El Sombrero,JuliÃ¡n Mellado
GuÃ¡rico ,Las Mercedes de Los Llanos,âœ¨Blitz 2000ğŸ”µ,Las Mercedes,Las Mercedes
GuÃ¡rico ,Lezama,âœ¨Blitz 2000ğŸ”µ,Altagracia de Orituco,JosÃ© Tadeo Monagas
GuÃ¡rico ,Onoto,âœ¨Blitz 2000ğŸ”µ,Cantaclaro,Juan GermÃ¡n Roscio
GuÃ¡rico ,OrtÃ­z,âœ¨Blitz 2000ğŸ”µ,OrtÃ­z,Ortiz
GuÃ¡rico ,San JosÃ© de Guaribe,âœ¨Blitz 2000ğŸ”µ,San JosÃ© de Guaribe,San JosÃ© de Guaribe
GuÃ¡rico ,San Juan de Los Morros,âœ¨Blitz 2000ğŸ”µ,Cantaclaro,Juan GermÃ¡n Roscio
GuÃ¡rico ,San Rafael de Laya,âœ¨Blitz 2000ğŸ”µ,Atapirire,Francisco de Miranda
GuÃ¡rico ,Santa MarÃ­a de Ipire,âœ¨Blitz 2000ğŸ”µ,Santa MarÃ­a de Ipire,Santa MarÃ­a de Ipire
GuÃ¡rico ,Tucupido,âœ¨Blitz 2000ğŸ”µ,JosÃ© FÃ©lix Ribas,JosÃ© FÃ©lix Ribas
GuÃ¡rico ,Valle de La Pascua,âœ¨Blitz 2000ğŸ”µ,Valle de la Pascua,Leonardo Infante
GuÃ¡rico ,Zaraza,âœ¨Blitz 2000ğŸ”µ,San JosÃ© de Unare,Pedro Zaraza
Lara ,Aguada Grande,ğŸ”· Grupo Disbattery ğŸŸ¦,Urdaneta,Urdaneta
Lara ,Atarigua,ğŸ”· Grupo Disbattery ğŸŸ¦,Trinidad Samuel,Torres
Lara ,Barquisimeto,ğŸ”· Grupo Disbattery ğŸŸ¦,Catedral,Iribarren
Lara ,Bobare,ğŸ”· Grupo Disbattery ğŸŸ¦,Catedral,Iribarren
Lara ,Cabudare,ğŸ”· Grupo Disbattery ğŸŸ¦,Cabudare,Palavecino
Lara ,Carora,ğŸ”· Grupo Disbattery ğŸŸ¦,Trinidad Samuel,Torres
Lara ,Cubiro,ğŸ”· Grupo Disbattery ğŸŸ¦,Juan Bautista RodrÃ­guez,JimÃ©nez
Lara ,CujÃ­,ğŸ”· Grupo Disbattery ğŸŸ¦,Catedral,Iribarren
Lara ,Duaca,ğŸ”· Grupo Disbattery ğŸŸ¦,FrÃ©itez,Crespo
Lara ,El Manzano,ğŸ”· Grupo Disbattery ğŸŸ¦,El CantÃ³n,AndrÃ©s Eloy Blanco
Lara ,El Tocuyo,ğŸ”· Grupo Disbattery ğŸŸ¦,BolÃ­var,MorÃ¡n
Lara ,GuarÃ­co,ğŸ”· Grupo Disbattery ğŸŸ¦,BolÃ­var,MorÃ¡n
Lara ,Humocaro Alto,ğŸ”· Grupo Disbattery ğŸŸ¦,BolÃ­var,MorÃ¡n
Lara ,Humocaro Bajo,ğŸ”· Grupo Disbattery ğŸŸ¦,BolÃ­var,MorÃ¡n
Lara ,La Miel,ğŸ”· Grupo Disbattery ğŸŸ¦,Trinidad Samuel,Torres
Lara ,Moroturo,ğŸ”· Grupo Disbattery ğŸŸ¦,Trinidad Samuel,Torres
Lara ,QuÃ­bor,ğŸ”· Grupo Disbattery ğŸŸ¦,Juan Bautista RodrÃ­guez,JimÃ©nez
Lara ,RÃ­o Claro,ğŸ”· Grupo Disbattery ğŸŸ¦,Trinidad Samuel,Torres
Lara ,Sanare,ğŸ”· Grupo Disbattery ğŸŸ¦,El CantÃ³n,AndrÃ©s Eloy Blanco
Lara ,Santa InÃ©s,ğŸ”· Grupo Disbattery ğŸŸ¦,Trinidad Samuel,Torres
Lara ,Sarare,ğŸ”· Grupo Disbattery ğŸŸ¦,Sarare,SimÃ³n Planas
Lara ,Siquisique,ğŸ”· Grupo Disbattery ğŸŸ¦,Urdaneta,Urdaneta
Lara ,Tintorero,ğŸ”· Grupo Disbattery ğŸŸ¦,Juan Bautista RodrÃ­guez,JimÃ©nez
MÃ©rida ,Apartaderos MÃ©rida,ğŸ† Grupo Victoria ğŸŸ¡,Cacute,Rangel
MÃ©rida ,Arapuey,ğŸ† Grupo Victoria ğŸŸ¡,Arapuey,Julio CÃ©sar Salas
MÃ©rida ,Bailadores,ğŸ† Grupo Victoria ğŸŸ¡,GerÃ³nimo Maldonado,Rivas DÃ¡vila
MÃ©rida ,Caja Seca,ğŸ† Grupo Victoria ğŸŸ¡,Cagua,Sucre
MÃ©rida ,CanaguÃ¡,ğŸ† Grupo Victoria ğŸŸ¡,Canagua,Arzobispo ChacÃ³n
MÃ©rida ,Chachopo,ğŸ† Grupo Victoria ğŸŸ¡,Miranda,Miranda
MÃ©rida ,Chiguara,ğŸ† Grupo Victoria ğŸŸ¡,Cagua,Sucre
MÃ©rida ,Ejido,ğŸ† Grupo Victoria ğŸŸ¡,FernÃ¡ndez PeÃ±a,Campo ElÃ­as
MÃ©rida ,El VigÃ­a,ğŸ† Grupo Victoria ğŸŸ¡,Presidente Betancourt,Alberto Adriani
MÃ©rida ,La Azulita,ğŸ† Grupo Victoria ğŸŸ¡,La Azulita,AndrÃ©s Bello
MÃ©rida ,La Playa,ğŸ† Grupo Victoria ğŸŸ¡,Cagua,Sucre
MÃ©rida ,Lagunillas MÃ©rida,ğŸ† Grupo Victoria ğŸŸ¡,Cagua,Sucre
MÃ©rida ,MÃ©rida,ğŸ† Grupo Victoria ğŸŸ¡,Palo Negro,Libertador
MÃ©rida ,Mesa de BolÃ­var,ğŸ† Grupo Victoria ğŸŸ¡,Santa Cruz de Mora,Antonio Pinto Salinas
MÃ©rida ,MucuchÃ­es,ğŸ† Grupo Victoria ğŸŸ¡,Cacute,Rangel
MÃ©rida ,Mucujepe,ğŸ† Grupo Victoria ğŸŸ¡,San CristÃ³bal de Torondoy,Justo BriceÃ±o
MÃ©rida ,Mucuruba,ğŸ† Grupo Victoria ğŸŸ¡,Cacute,Rangel
MÃ©rida ,Nueva Bolivia,ğŸ† Grupo Victoria ğŸŸ¡,Independencia,Tulio Febres Cordero
MÃ©rida ,Palmarito,ğŸ† Grupo Victoria ğŸŸ¡,Independencia,Tulio Febres Cordero
MÃ©rida ,Pueblo Llano,ğŸ† Grupo Victoria ğŸŸ¡,Pueblo Llano,Pueblo Llano
MÃ©rida ,Santa Cruz de Mora,ğŸ† Grupo Victoria ğŸŸ¡,Santa Cruz de Mora,Antonio Pinto Salinas
MÃ©rida ,Santa Elena de Arenales,ğŸ† Grupo Victoria ğŸŸ¡,Eloy Paredes,Obispo Ramos de Lora
MÃ©rida ,Santo Domingo,ğŸ† Grupo Victoria ğŸŸ¡,Santo Domingo,Cardenal Quintero
MÃ©rida ,TabÃ¡y,ğŸ† Grupo Victoria ğŸŸ¡,Tabay,Santos Marquina
MÃ©rida ,Timotes,ğŸ† Grupo Victoria ğŸŸ¡,Miranda,Miranda
MÃ©rida ,Torondoy,ğŸ† Grupo Victoria ğŸŸ¡,San CristÃ³bal de Torondoy,Justo BriceÃ±o
MÃ©rida ,Tovar,ğŸ† Grupo Victoria ğŸŸ¡,Tovar,Tovar
MÃ©rida ,Tucani,ğŸ† Grupo Victoria ğŸŸ¡,TucanÃ­,Caracciolo Parra Olmedo
MÃ©rida ,Zea,ğŸ† Grupo Victoria ğŸŸ¡,CaÃ±o El Tigre,Zea
MIranda ,Caracas (Ãrea Metropolitana),ğŸ”· Grupo Disbattery ğŸŸ¦,"Nuestra SeÃ±ora del Rosario de Baruta, El Cafetal y Las Minas de Baruta",Baruta
Miranda ,Araguita,ğŸ”· Grupo Disbattery ğŸŸ¦,AragÃ¼ita,Acevedo
Miranda ,Carrizal,ğŸ”· Grupo Disbattery ğŸŸ¦,Carrizal,Carrizal
Miranda ,Caucagua,ğŸ”· Grupo Disbattery ğŸŸ¦,AragÃ¼ita,Acevedo
Miranda ,Charallave,ğŸ”· Grupo Disbattery ğŸŸ¦,Charallave,CristÃ³bal Rojas
Miranda ,Chirimena,ğŸ”· Grupo Disbattery ğŸŸ¦,Higuerote,BriÃ³n
Miranda ,Chuspa,ğŸ”· Grupo Disbattery ğŸŸ¦,Higuerote,BriÃ³n
Miranda ,CÃºa,ğŸ”· Grupo Disbattery ğŸŸ¦,Urdaneta,Urdaneta
Miranda ,Cupira,ğŸ”· Grupo Disbattery ğŸŸ¦,CÃºpira,Pedro Gual
Miranda ,Curiepe,ğŸ”· Grupo Disbattery ğŸŸ¦,Higuerote,BriÃ³n
Miranda ,El Guapo,ğŸ”· Grupo Disbattery ğŸŸ¦,Guasdualito,PÃ¡ez
Miranda ,El Jarillo,ğŸ”· Grupo Disbattery ğŸŸ¦,Altagracia de la MontaÃ±a,Guaicaipuro
Miranda ,Filas de Mariche,ğŸ”· Grupo Disbattery ğŸŸ¦,Cagua,Sucre
Miranda ,Guarenas,ğŸ”· Grupo Disbattery ğŸŸ¦,Guarenas,Plaza
Miranda ,Guatire,ğŸ”· Grupo Disbattery ğŸŸ¦,Zamora,Zamora
Miranda ,Higuerote,ğŸ”· Grupo Disbattery ğŸŸ¦,Higuerote,BriÃ³n
Miranda ,Los Anaucos,ğŸ”· Grupo Disbattery ğŸŸ¦,Guarenas,Plaza
Miranda ,Los Teques,ğŸ”· Grupo Disbattery ğŸŸ¦,Altagracia de la MontaÃ±a,Guaicaipuro
Miranda ,Ocumare del Tuy,ğŸ”· Grupo Disbattery ğŸŸ¦,La Democracia,Lander
Miranda ,Panaquire,ğŸ”· Grupo Disbattery ğŸŸ¦,AragÃ¼ita,Acevedo
Miranda ,Paracotos,ğŸ”· Grupo Disbattery ğŸŸ¦,Altagracia de la MontaÃ±a,Guaicaipuro
Miranda ,RÃ­o Chico,ğŸ”· Grupo Disbattery ğŸŸ¦,Guasdualito,PÃ¡ez
Miranda ,San Antonio de Los Altos,ğŸ”· Grupo Disbattery ğŸŸ¦,San Antonio de los Altos,Los Salias
Miranda ,San Diego de Los Altos,ğŸ”· Grupo Disbattery ğŸŸ¦,Altagracia de la MontaÃ±a,Guaicaipuro
Miranda ,San Fernando del Guapo,ğŸ”· Grupo Disbattery ğŸŸ¦,Guasdualito,PÃ¡ez
Miranda ,San Francisco de Yare,ğŸ”· Grupo Disbattery ğŸŸ¦,BergantÃ­n,SimÃ³n BolÃ­var
Miranda ,San JosÃ© de Los Altos,ğŸ”· Grupo Disbattery ğŸŸ¦,San Antonio de los Altos,Los Salias
Miranda ,San JosÃ© de RÃ­o Chico,ğŸ”· Grupo Disbattery ğŸŸ¦,Guasdualito,PÃ¡ez
Miranda ,San Pedro de Los Altos,ğŸ”· Grupo Disbattery ğŸŸ¦,Altagracia de la MontaÃ±a,Guaicaipuro
Miranda ,Santa LucÃ­a,ğŸ”· Grupo Disbattery ğŸŸ¦,Santa LucÃ­a del Tuy,Paz Castillo
Miranda ,Santa Teresa,ğŸ”· Grupo Disbattery ğŸŸ¦,Mamo,Independencia
Miranda ,Tacarigua de La Laguna,ğŸ”· Grupo Disbattery ğŸŸ¦,Guasdualito,PÃ¡ez
Miranda ,Tacarigua de Mamporal,ğŸ”· Grupo Disbattery ğŸŸ¦,Mamporal,Buroz
Miranda ,TÃ¡cata,ğŸ”· Grupo Disbattery ğŸŸ¦,Altagracia de la MontaÃ±a,Guaicaipuro
Miranda ,Turumo,ğŸ”· Grupo Disbattery ğŸŸ¦,Cagua,Sucre
Monagas ,Aguasay,ğŸŒ… Oceano Pacifico ğŸŸ§,Aguasay,Aguasay
Monagas ,Aragua de MaturÃ­n,ğŸŒ… Oceano Pacifico ğŸŸ§,AndrÃ©s Eloy Blanco,Piar
Monagas ,Barrancas del Orinoco,ğŸŒ… Oceano Pacifico ğŸŸ§,Barrancas,Sotillo
Monagas ,Caicara de MaturÃ­n,ğŸŒ… Oceano Pacifico ğŸŸ§,CedeÃ±o,CedeÃ±o
Monagas ,Caripe,ğŸŒ… Oceano Pacifico ğŸŸ§,El GuÃ¡charo,Caripe
Monagas ,Caripito,ğŸŒ… Oceano Pacifico ğŸŸ§,BolÃ­var,BolÃ­var
Monagas ,Chaguaramal,ğŸŒ… Oceano Pacifico ğŸŸ§,Palo Negro,Libertador
Monagas ,Chaguaramas Monagas,ğŸŒ… Oceano Pacifico ğŸŸ§,Palo Negro,Libertador
Monagas ,El Furrial,ğŸŒ… Oceano Pacifico ğŸŸ§,Alto de los Godos,MaturÃ­n
Monagas ,El Tejero,ğŸŒ… Oceano Pacifico ğŸŸ§,Santa BÃ¡rbara,Ezequiel Zamora
Monagas ,JusepÃ­n,ğŸŒ… Oceano Pacifico ğŸŸ§,Alto de los Godos,MaturÃ­n
Monagas ,La Toscana,ğŸŒ… Oceano Pacifico ğŸŸ§,AndrÃ©s Eloy Blanco,Piar
Monagas ,MaturÃ­n,ğŸŒ… Oceano Pacifico ğŸŸ§,Alto de los Godos,MaturÃ­n
Monagas ,Miraflores,ğŸŒ… Oceano Pacifico ğŸŸ§,AndrÃ©s Eloy Blanco,Piar
Monagas ,Punta de Mata,ğŸŒ… Oceano Pacifico ğŸŸ§,Santa BÃ¡rbara,Ezequiel Zamora
Monagas ,Quiriquire,ğŸŒ… Oceano Pacifico ğŸŸ§,Cachipo,Punceres
Monagas ,San Antonio de MaturÃ­n,ğŸŒ… Oceano Pacifico ğŸŸ§,Capadare,Acosta
Monagas ,San Vicente Monagas,ğŸŒ… Oceano Pacifico ğŸŸ§,AndrÃ©s Eloy Blanco,Piar
Monagas ,Santa BÃ¡rbara,ğŸŒ… Oceano Pacifico ğŸŸ§,Santa BÃ¡rbara,Santa BÃ¡rbara
Monagas ,Temblador,ğŸŒ… Oceano Pacifico ğŸŸ§,Palo Negro,Libertador
Monagas ,Teresen,ğŸŒ… Oceano Pacifico ğŸŸ§,AndrÃ©s Eloy Blanco,Piar
Monagas ,Uracoa,ğŸŒ… Oceano Pacifico ğŸŸ§,Uracoa,Uracoa
Nueva Esparta ,Altagracia,ğŸŒ… Oceano Pacifico ğŸŸ§,BolÃ­var,GÃ³mez
Nueva Esparta ,Boca de Pozo,ğŸŒ… Oceano Pacifico ğŸŸ§,San Francisco de Macanao,PenÃ­nsula de Macanao
Nueva Esparta ,Boca de RÃ­o,ğŸŒ… Oceano Pacifico ğŸŸ§,San Francisco de Macanao,PenÃ­nsula de Macanao
Nueva Esparta ,El Espinal,ğŸŒ… Oceano Pacifico ğŸŸ§,San Juan Bautista,DÃ­az
Nueva Esparta ,El Valle del EspÃ­ritu Santo,ğŸŒ… Oceano Pacifico ğŸŸ§,GarcÃ­a,GarcÃ­a
Nueva Esparta ,El Yaque,ğŸŒ… Oceano Pacifico ğŸŸ§,Tubores,Tubores
Nueva Esparta ,Juangriego,ğŸŒ… Oceano Pacifico ğŸŸ§,AdriÃ¡n,Marcano
Nueva Esparta ,La AsunciÃ³n,ğŸŒ… Oceano Pacifico ğŸŸ§,Arismendi,Arismendi
Nueva Esparta ,La Guardia,ğŸŒ… Oceano Pacifico ğŸŸ§,AdriÃ¡n,Marcano
Nueva Esparta ,Pampatar,ğŸŒ… Oceano Pacifico ğŸŸ§,Aguirre,Maneiro
Nueva Esparta ,Porlamar,ğŸŒ… Oceano Pacifico ğŸŸ§,Porlamar,MariÃ±o
Nueva Esparta ,Puerto FermÃ­n,ğŸŒ… Oceano Pacifico ğŸŸ§,AntolÃ­n del Campo,AntolÃ­n del Campo
Nueva Esparta ,Punta de Piedras,ğŸŒ… Oceano Pacifico ğŸŸ§,Tubores,Tubores
Nueva Esparta ,San Francisco de Macanao,ğŸŒ… Oceano Pacifico ğŸŸ§,San Francisco de Macanao,PenÃ­nsula de Macanao
Nueva Esparta ,San Juan Bautista,ğŸŒ… Oceano Pacifico ğŸŸ§,San Juan Bautista,DÃ­az
Nueva Esparta ,San Pedro de Coche,ğŸŒ… Oceano Pacifico ğŸŸ§,Vicente Fuentes,Villalba
Nueva Esparta ,Santa Ana de Nueva Esparta,ğŸŒ… Oceano Pacifico ğŸŸ§,BolÃ­var,GÃ³mez
Nueva Esparta ,Villa Rosa,ğŸŒ… Oceano Pacifico ğŸŸ§,Porlamar,MariÃ±o
Portuguesa ,Acarigua,ğŸ”· Grupo Disbattery ğŸŸ¦,Guasdualito,PÃ¡ez
Portuguesa ,Agua Blanca,ğŸ”· Grupo Disbattery ğŸŸ¦,Agua Blanca,Agua Blanca
Portuguesa ,Araure,ğŸ”· Grupo Disbattery ğŸŸ¦,Capital Araure,Araure
Portuguesa ,Biscucuy,ğŸ”· Grupo Disbattery ğŸŸ¦,Cagua,Sucre
Portuguesa ,Boconoito,ğŸ”· Grupo Disbattery ğŸŸ¦,San Genaro de Boconoito,San Genaro de BoconoÃ­to
Portuguesa ,Campo ElÃ­as,ğŸ”· Grupo Disbattery ğŸŸ¦,San Rafael de Onoto,San Rafael de Onoto
Portuguesa ,ChabasquÃ©n,ğŸ”· Grupo Disbattery ğŸŸ¦,ChabasquÃ©n,JosÃ© Vicente de Unda
Portuguesa ,Guanare,ğŸ”· Grupo Disbattery ğŸŸ¦,Guanare,Guanare
Portuguesa ,Guanarito,ğŸ”· Grupo Disbattery ğŸŸ¦,Guanarito,Guanarito
Portuguesa ,La ApariciÃ³n,ğŸ”· Grupo Disbattery ğŸŸ¦,Capital Ospino,Ospino
Portuguesa ,La MisiÃ³n,ğŸ”· Grupo Disbattery ğŸŸ¦,Capital Ospino,Ospino
Portuguesa ,Mesa de Cavacas,ğŸ”· Grupo Disbattery ğŸŸ¦,Guanare,Guanare
Portuguesa ,Ospino,ğŸ”· Grupo Disbattery ğŸŸ¦,Capital Ospino,Ospino
Portuguesa ,PapelÃ³n,ğŸ”· Grupo Disbattery ğŸŸ¦,PapelÃ³n,PapelÃ³n
Portuguesa ,Payara,ğŸ”· Grupo Disbattery ğŸŸ¦,Guasdualito,PÃ¡ez
Portuguesa ,Pimpinela,ğŸ”· Grupo Disbattery ğŸŸ¦,Guasdualito,PÃ¡ez
Portuguesa ,PÃ­ritu de Portuguesa,ğŸ”· Grupo Disbattery ğŸŸ¦,Capital Esteller,Esteller
Portuguesa ,San Rafael de Onoto,ğŸ”· Grupo Disbattery ğŸŸ¦,San Rafael de Onoto,San Rafael de Onoto
Portuguesa ,Santa RosalÃ­a,ğŸ”· Grupo Disbattery ğŸŸ¦,Santa RosalÃ­a,Santa RosalÃ­a
Portuguesa ,TurÃ©n,ğŸ”· Grupo Disbattery ğŸŸ¦,TurÃ©n,TurÃ©n
Sucre ,Altos de Sucre,ğŸŒ… Oceano Pacifico ğŸŸ§,Cagua,Sucre
Sucre ,Araya,ğŸŒ… Oceano Pacifico ğŸŸ§,Cruz SalmerÃ³n Acosta,Cruz SalmerÃ³n Acosta
Sucre ,Cariaco,ğŸŒ… Oceano Pacifico ğŸŸ§,Villa Frontado (Muelle de Cariaco),Ribero
Sucre ,CarÃºpano,ğŸŒ… Oceano Pacifico ğŸŸ§,Santa Catalina,BermÃºdez
Sucre ,Casanay,ğŸŒ… Oceano Pacifico ğŸŸ§,El CantÃ³n,AndrÃ©s Eloy Blanco
Sucre ,CumanÃ¡,ğŸŒ… Oceano Pacifico ğŸŸ§,Cagua,Sucre
Sucre ,Cumanacoa,ğŸŒ… Oceano Pacifico ğŸŸ§,Cumanacoa,Montes
Sucre ,El Morro Puerto Santo,ğŸŒ… Oceano Pacifico ğŸŸ§,Santa Catalina,BermÃºdez
Sucre ,El Pilar,ğŸŒ… Oceano Pacifico ğŸŸ§,El Pilar,BenÃ­tez
Sucre ,El Poblado,ğŸŒ… Oceano Pacifico ğŸŸ§,Cumanacoa,Montes
Sucre ,Guaca,ğŸŒ… Oceano Pacifico ğŸŸ§,Guaca,Valdez
Sucre ,Guiria,ğŸŒ… Oceano Pacifico ğŸŸ§,Guiria,Valdez
Sucre ,Irapa,ğŸŒ… Oceano Pacifico ğŸŸ§,Porlamar,MariÃ±o
Sucre ,Manicuare,ğŸŒ… Oceano Pacifico ğŸŸ§,Cruz SalmerÃ³n Acosta,Cruz SalmerÃ³n Acosta
Sucre ,Mariguitar,ğŸŒ… Oceano Pacifico ğŸŸ§,BolÃ­var,BolÃ­var
Sucre ,RÃ­o Caribe,ğŸŒ… Oceano Pacifico ğŸŸ§,Arismendi,Arismendi
Sucre ,San Antonio del Golfo,ğŸŒ… Oceano Pacifico ğŸŸ§,MejÃ­a,MejÃ­a
Sucre ,San JosÃ© de Aerocuar,ğŸŒ… Oceano Pacifico ğŸŸ§,San JosÃ© de Aerocuar,AndrÃ©s Mata
Sucre ,San Vicente de Sucre,ğŸŒ… Oceano Pacifico ğŸŸ§,Cagua,Sucre
Sucre ,Santa Fe de Sucre,ğŸŒ… Oceano Pacifico ğŸŸ§,Cagua,Sucre
Sucre ,Tunapuy,ğŸŒ… Oceano Pacifico ğŸŸ§,Palo Negro,Libertador
Sucre ,Yaguaraparo,ğŸŒ… Oceano Pacifico ğŸŸ§,Libertad,Cajigal
Sucre ,Yoco,ğŸŒ… Oceano Pacifico ğŸŸ§,Yoco,Valdez
TÃ¡chira ,Abejales,ğŸ† Grupo Victoria ğŸŸ¡,Palo Negro,Libertador
TÃ¡chira ,Borota,ğŸ† Grupo Victoria ğŸŸ¡,Palo Negro,Libertador
TÃ¡chira ,Bramon,ğŸ† Grupo Victoria ğŸŸ¡,JunÃ­n,JunÃ­n
TÃ¡chira ,Capacho,ğŸ† Grupo Victoria ğŸŸ¡,Mamo,Independencia
TÃ¡chira ,ColÃ³n,ğŸ† Grupo Victoria ğŸŸ¡,Ayacucho,Ayacucho
TÃ¡chira ,Coloncito,ğŸ† Grupo Victoria ğŸŸ¡,Panamericano,Panamericano
TÃ¡chira ,Cordero,ğŸ† Grupo Victoria ğŸŸ¡,La Azulita,AndrÃ©s Bello
TÃ¡chira ,El Cobre,ğŸ† Grupo Victoria ğŸŸ¡,JosÃ© MarÃ­a Vargas,JosÃ© MarÃ­a Vargas
TÃ¡chira ,El Pinal,ğŸ† Grupo Victoria ğŸŸ¡,FernÃ¡ndez Feo,FernÃ¡ndez Feo
TÃ¡chira ,Independencia,ğŸ† Grupo Victoria ğŸŸ¡,Mamo,Independencia
TÃ¡chira ,La FrÃ­a,ğŸ† Grupo Victoria ğŸŸ¡,GarcÃ­a de Hevia,GarcÃ­a de Hevia
TÃ¡chira ,La Grita,ğŸ† Grupo Victoria ğŸŸ¡,JÃ¡uregui,JÃ¡uregui
TÃ¡chira ,La Pedrera,ğŸ† Grupo Victoria ğŸŸ¡,Ayacucho,Ayacucho
TÃ¡chira ,La Tendida,ğŸ† Grupo Victoria ğŸŸ¡,Samuel DarÃ­o Maldonado,Samuel DarÃ­o Maldonado
TÃ¡chira ,Las Delicias,ğŸ† Grupo Victoria ğŸŸ¡,Delicias,Rafael Urdaneta
TÃ¡chira ,Las HernÃ¡ndez,ğŸ† Grupo Victoria ğŸŸ¡,Samuel DarÃ­o Maldonado,Samuel DarÃ­o Maldonado
TÃ¡chira ,Lobatera,ğŸ† Grupo Victoria ğŸŸ¡,Lobatera,Lobatera
TÃ¡chira ,Michelena,ğŸ† Grupo Victoria ğŸŸ¡,Michelena,Michelena
TÃ¡chira ,Palmira,ğŸ† Grupo Victoria ğŸŸ¡,GuÃ¡simos,GuÃ¡simos
TÃ¡chira ,Pregonero,ğŸ† Grupo Victoria ğŸŸ¡,Uribante,Uribante
TÃ¡chira ,Queniquea,ğŸ† Grupo Victoria ğŸŸ¡,Cagua,Sucre
TÃ¡chira ,Rubio,ğŸ† Grupo Victoria ğŸŸ¡,JunÃ­n,JunÃ­n
TÃ¡chira ,San Antonio del Tachira,ğŸ† Grupo Victoria ğŸŸ¡,BolÃ­var,BolÃ­var
TÃ¡chira ,San Cristobal,ğŸ† Grupo Victoria ğŸŸ¡,La Concordia,San CristÃ³bal
TÃ¡chira ,San JosÃ© de BolÃ­var,ğŸ† Grupo Victoria ğŸŸ¡,Atapirire,Francisco de Miranda
TÃ¡chira ,San Josecito,ğŸ† Grupo Victoria ğŸŸ¡,Torbes,Torbes
TÃ¡chira ,San Pedro del RÃ­o,ğŸ† Grupo Victoria ğŸŸ¡,Ayacucho,Ayacucho
TÃ¡chira ,Santa Ana TÃ¡chira,ğŸ† Grupo Victoria ğŸŸ¡,CÃ³rdoba,CÃ³rdoba
TÃ¡chira ,Seboruco,ğŸ† Grupo Victoria ğŸŸ¡,Seboruco,Seboruco
TÃ¡chira ,TÃ¡riba,ğŸ† Grupo Victoria ğŸŸ¡,CÃ¡rdenas,CÃ¡rdenas
TÃ¡chira ,Umuquena,ğŸ† Grupo Victoria ğŸŸ¡,San Judas Tadeo,San Judas Tadeo
TÃ¡chira ,UreÃ±a,ğŸ† Grupo Victoria ğŸŸ¡,Pedro MarÃ­a UreÃ±a,Pedro MarÃ­a UreÃ±a
Trujillo ,Batatal,ğŸ† Grupo Victoria ğŸŸ¡,Cagua,Sucre
Trujillo ,Betijoque,ğŸ† Grupo Victoria ğŸŸ¡,Betijoque,Rafael Rangel
Trujillo ,BoconÃ³,ğŸ† Grupo Victoria ğŸŸ¡,BoconÃ³,BoconÃ³
Trujillo ,Carache,ğŸ† Grupo Victoria ğŸŸ¡,Carache,Carache
Trujillo ,Chejende,ğŸ† Grupo Victoria ğŸŸ¡,Arnoldo GabaldÃ³n,Candelaria
Trujillo ,Cuicas,ğŸ† Grupo Victoria ğŸŸ¡,Carache,Carache
Trujillo ,El Dividive,ğŸ† Grupo Victoria ğŸŸ¡,Miranda,Miranda
Trujillo ,El Jaguito,ğŸ† Grupo Victoria ğŸŸ¡,El Jaguito,JosÃ© Felipe MÃ¡rquez CaÃ±izales
Trujillo ,Escuque,ğŸ† Grupo Victoria ğŸŸ¡,Escuque,Escuque
Trujillo ,IsnotÃº,ğŸ† Grupo Victoria ğŸŸ¡,Betijoque,Rafael Rangel
Trujillo ,JajÃ³,ğŸ† Grupo Victoria ğŸŸ¡,Urdaneta,Urdaneta
Trujillo ,La Ceiba,ğŸ† Grupo Victoria ğŸŸ¡,Santa Apolonia,La Ceiba
Trujillo ,La ConcepciÃ³n de Trujllo,ğŸ† Grupo Victoria ğŸŸ¡,AndrÃ©s Linares,Trujillo
Trujillo ,La Mesa de Esnujaque,ğŸ† Grupo Victoria ğŸŸ¡,Urdaneta,Urdaneta
Trujillo ,La Puerta,ğŸ† Grupo Victoria ğŸŸ¡,Juan Ignacio Montilla,Valera
Trujillo ,La Quebrada,ğŸ† Grupo Victoria ğŸŸ¡,Urdaneta,Urdaneta
Trujillo ,Mendoza FrÃ­a,ğŸ† Grupo Victoria ğŸŸ¡,AndrÃ©s Linares,Trujillo
Trujillo ,Meseta de Chimpire,ğŸ† Grupo Victoria ğŸŸ¡,La Azulita,AndrÃ©s Bello
Trujillo ,Monay,ğŸ† Grupo Victoria ğŸŸ¡,Monay,MonseÃ±or Carrillo
Trujillo ,MotatÃ¡n,ğŸ† Grupo Victoria ğŸŸ¡,MotatÃ¡n,MotatÃ¡n
Trujillo ,PampÃ¡n,ğŸ† Grupo Victoria ğŸŸ¡,PampÃ¡n,PampÃ¡n
Trujillo ,Pampanito,ğŸ† Grupo Victoria ğŸŸ¡,Pampanito,Pampanito
Trujillo ,Sabana de Mendoza,ğŸ† Grupo Victoria ğŸŸ¡,Cagua,Sucre
Trujillo ,San LÃ¡zaro,ğŸ† Grupo Victoria ğŸŸ¡,AndrÃ©s Linares,Trujillo
Trujillo ,Santa Ana de Trujillo,ğŸ† Grupo Victoria ğŸŸ¡,PampÃ¡n,PampÃ¡n
Trujillo ,TostÃ³s,ğŸ† Grupo Victoria ğŸŸ¡,BoconÃ³,BoconÃ³
Trujillo ,Trujillo,ğŸ† Grupo Victoria ğŸŸ¡,AndrÃ©s Linares,Trujillo
Trujillo ,Valera,ğŸ† Grupo Victoria ğŸŸ¡,Juan Ignacio Montilla,Valera
La Guaira ,ArchipiÃ©lago Los Roques,ğŸ”· Grupo Disbattery ğŸŸ¦,Caraballeda,Vargas
La Guaira ,Carayaca,ğŸ”· Grupo Disbattery ğŸŸ¦,Caraballeda,Vargas
La Guaira ,Litoral,ğŸ”· Grupo Disbattery ğŸŸ¦,Caraballeda,Vargas
Yaracuy ,Aroa,ğŸ”· Grupo Disbattery ğŸŸ¦,BolÃ­var,BolÃ­var
Yaracuy ,Boraure,ğŸ”· Grupo Disbattery ğŸŸ¦,La Trinidad,La Trinidad
Yaracuy ,Campo ElÃ­as de Yaracuy,ğŸ”· Grupo Disbattery ğŸŸ¦,San Javier,San Felipe
Yaracuy ,Chivacoa,ğŸ”· Grupo Disbattery ğŸŸ¦,Chivacoa,Bruzual
Yaracuy ,Cocorote,ğŸ”· Grupo Disbattery ğŸŸ¦,Cocorote,Cocorote
Yaracuy ,Farriar,ğŸ”· Grupo Disbattery ğŸŸ¦,Farriar,Veroes
Yaracuy ,Guama,ğŸ”· Grupo Disbattery ğŸŸ¦,Cagua,Sucre
Yaracuy ,MarÃ­n,ğŸ”· Grupo Disbattery ğŸŸ¦,Chivacoa,Bruzual
Yaracuy ,Nirgua,ğŸ”· Grupo Disbattery ğŸŸ¦,SalÃ³m,Nirgua
Yaracuy ,Sabana de Parra,ğŸ”· Grupo Disbattery ğŸŸ¦,JosÃ© Antonio PÃ¡ez,JosÃ© Antonio PÃ¡ez
Yaracuy ,Salom,ğŸ”· Grupo Disbattery ğŸŸ¦,SalÃ³m,Nirgua
Yaracuy ,San Felipe,ğŸ”· Grupo Disbattery ğŸŸ¦,San Javier,San Felipe
Yaracuy ,San Pablo de Yaracuy,ğŸ”· Grupo Disbattery ğŸŸ¦,ArÃ­stides Bastidas,ArÃ­stides Bastidas
Yaracuy ,Urachiche,ğŸ”· Grupo Disbattery ğŸŸ¦,Urachiche,Urachiche
Yaracuy ,Yaritagua,ğŸ”· Grupo Disbattery ğŸŸ¦,San AndrÃ©s,PeÃ±a
Yaracuy ,Yumare,ğŸ”· Grupo Disbattery ğŸŸ¦,Manuel Monge,Manuel Monge
Zulia ,Bachaquero,"Para B2C ğŸ† Grupo Victoria ğŸŸ¡
Para B2B e Industrial ğŸŒŸ Luselago ğŸŸ¨""",Rafael Urdaneta,Valmore RodrÃ­guez
Zulia ,Bobures,"Para B2C ğŸ† Grupo Victoria ğŸŸ¡
Para B2B e Industrial ğŸŒŸ Luselago ğŸŸ¨""",Cagua,Sucre
Zulia ,Cabimas,"Para B2C ğŸ† Grupo Victoria ğŸŸ¡
Para B2B e Industrial ğŸŒŸ Luselago ğŸŸ¨""",Ambrosio,Cabimas
Zulia ,Campo ConcepciÃ³n,"Para B2C ğŸ† Grupo Victoria ğŸŸ¡
Para B2B e Industrial ğŸŒŸ Luselago ğŸŸ¨""",Campo ConcepciÃ³n,JesÃºs Enrique Lossada
Zulia ,Campo Mara,"Para B2C ğŸ† Grupo Victoria ğŸŸ¡
Para B2B e Industrial ğŸŒŸ Luselago ğŸŸ¨""",San Rafael,Mara
Zulia ,Campo Rojo,"Para B2C ğŸ† Grupo Victoria ğŸŸ¡
Para B2B e Industrial ğŸŒŸ Luselago ğŸŸ¨""",Libertad,Lagunillas
Zulia ,Carrasquero,"Para B2C ğŸ† Grupo Victoria ğŸŸ¡
Para B2B e Industrial ğŸŒŸ Luselago ğŸŸ¨""",San Rafael,Mara
Zulia ,Casigua,"Para B2C ğŸ† Grupo Victoria ğŸŸ¡
Para B2B e Industrial ğŸŒŸ Luselago ğŸŸ¨""",JesÃºs MarÃ­a SemprÃºn,JesÃºs MarÃ­a SemprÃºn
Zulia ,ChiquinquirÃ¡,"Para B2C ğŸ† Grupo Victoria ğŸŸ¡
Para B2B e Industrial ğŸŒŸ Luselago ğŸŸ¨""",Antonio Borjas Romero,Maracaibo
Zulia ,Ciudad Ojeda,"Para B2C ğŸ† Grupo Victoria ğŸŸ¡
Para B2B e Industrial ğŸŒŸ Luselago ğŸŸ¨""",Libertad,Lagunillas
Zulia ,El Batey,"Para B2C ğŸ† Grupo Victoria ğŸŸ¡
Para B2B e Industrial ğŸŒŸ Luselago ğŸŸ¨""",Cagua,Sucre
Zulia ,El Carmelo,"Para B2C ğŸ† Grupo Victoria ğŸŸ¡
Para B2B e Industrial ğŸŒŸ Luselago ğŸŸ¨""",ConcepciÃ³n,La CaÃ±ada de Urdaneta
Zulia ,El Chivo,"Para B2C ğŸ† Grupo Victoria ğŸŸ¡
Para B2B e Industrial ğŸŒŸ Luselago ğŸŸ¨""",Carlos Quevedo,Francisco Javier Pulgar
Zulia ,El Guayabo,"Para B2C ğŸ† Grupo Victoria ğŸŸ¡
Para B2B e Industrial ğŸŒŸ Luselago ğŸŸ¨""",Encontrados,Catatumbo
Zulia ,El Mene,"Para B2C ğŸ† Grupo Victoria ğŸŸ¡
Para B2B e Industrial ğŸŒŸ Luselago ğŸŸ¨""",Santa Rita,Santa Rita
Zulia ,El Venado,"Para B2C ğŸ† Grupo Victoria ğŸŸ¡
Para B2B e Industrial ğŸŒŸ Luselago ğŸŸ¨""",San Timoteo,Baralt
Zulia ,Encontrados,"Para B2C ğŸ† Grupo Victoria ğŸŸ¡
Para B2B e Industrial ğŸŒŸ Luselago ğŸŸ¨""",Encontrados,Catatumbo
Zulia ,Gibraltar,"Para B2C ğŸ† Grupo Victoria ğŸŸ¡
Para B2B e Industrial ğŸŒŸ Luselago ğŸŸ¨""",Cagua,Sucre
Zulia ,Isla de Toas,"Para B2C ğŸ† Grupo Victoria ğŸŸ¡
Para B2B e Industrial ğŸŒŸ Luselago ğŸŸ¨""",Isla de Toas,Almirante Padilla
Zulia ,La ConcepciÃ³n del Zulia,"Para B2C ğŸ† Grupo Victoria ğŸŸ¡
Para B2B e Industrial ğŸŒŸ Luselago ğŸŸ¨""",La ConcepciÃ³n del Zulia,JesÃºs Enrique Lossada
Zulia ,La Paz,"Para B2C ğŸ† Grupo Victoria ğŸŸ¡
Para B2B e Industrial ğŸŒŸ Luselago ğŸŸ¨""",La Paz,JesÃºs Enrique Lossada
Zulia ,La Sierrita,"Para B2C ğŸ† Grupo Victoria ğŸŸ¡
Para B2B e Industrial ğŸŒŸ Luselago ğŸŸ¨""",San Rafael,Mara
Zulia ,Lagunillas del Zulia,"Para B2C ğŸ† Grupo Victoria ğŸŸ¡
Para B2B e Industrial ğŸŒŸ Luselago ğŸŸ¨""",Libertad,Lagunillas
Zulia ,Las Piedras de PerijÃ¡,"Para B2C ğŸ† Grupo Victoria ğŸŸ¡
Para B2B e Industrial ğŸŒŸ Luselago ğŸŸ¨""",BartolomÃ© de las Casas,Machiques de PerijÃ¡
Zulia ,Los Cortijos,"Para B2C ğŸ† Grupo Victoria ğŸŸ¡
Para B2B e Industrial ğŸŒŸ Luselago ğŸŸ¨""",San Francisco,San Francisco
Zulia ,Machiques,"Para B2C ğŸ† Grupo Victoria ğŸŸ¡
Para B2B e Industrial ğŸŒŸ Luselago ğŸŸ¨""",BartolomÃ© de las Casas,Machiques de PerijÃ¡
Zulia ,Maracaibo,"Para B2C ğŸ† Grupo Victoria ğŸŸ¡
Para B2B e Industrial ğŸŒŸ Luselago ğŸŸ¨""",Antonio Borjas Romero,Maracaibo
Zulia ,Mene Grande,"Para B2C ğŸ† Grupo Victoria ğŸŸ¡
Para B2B e Industrial ğŸŒŸ Luselago ğŸŸ¨""",San Timoteo,Baralt
Zulia ,Palmarejo,"Para B2C ğŸ† Grupo Victoria ğŸŸ¡
Para B2B e Industrial ğŸŒŸ Luselago ğŸŸ¨""",Donaldo GarcÃ­a,Rosario de PerijÃ¡
Zulia ,Paraguaipoa,"Para B2C ğŸ† Grupo Victoria ğŸŸ¡
Para B2B e Industrial ğŸŒŸ Luselago ğŸŸ¨""",Paraguaipoa,Guajira
Zulia ,Potrerito,"Para B2C ğŸ† Grupo Victoria ğŸŸ¡
Para B2B e Industrial ğŸŒŸ Luselago ğŸŸ¨""",San Timoteo,Baralt
Zulia ,Pueblo Nuevo del Zulia,"Para B2C ğŸ† Grupo Victoria ğŸŸ¡
Para B2B e Industrial ğŸŒŸ Luselago ğŸŸ¨""",Carlos Quevedo,Francisco Javier Pulgar
Zulia ,Puertos de Altagracia,"Para B2C ğŸ† Grupo Victoria ğŸŸ¡
Para B2B e Industrial ğŸŒŸ Luselago ğŸŸ¨""",Miranda,Miranda
Zulia ,Punta Gorda,"Para B2C ğŸ† Grupo Victoria ğŸŸ¡
Para B2B e Industrial ğŸŒŸ Luselago ğŸŸ¨""",Ambrosio,Cabimas
Zulia ,Sabaneta de Palma,"Para B2C ğŸ† Grupo Victoria ğŸŸ¡
Para B2B e Industrial ğŸŒŸ Luselago ğŸŸ¨""",Isla de Toas,Almirante Padilla
Zulia ,San Francisco,"Para B2C ğŸ† Grupo Victoria ğŸŸ¡
Para B2B e Industrial ğŸŒŸ Luselago ğŸŸ¨""",San Francisco,San Francisco
Zulia ,San JosÃ© de PerijÃ¡,"Para B2C ğŸ† Grupo Victoria ğŸŸ¡
Para B2B e Industrial ğŸŒŸ Luselago ğŸŸ¨""",BartolomÃ© de las Casas,Machiques de PerijÃ¡
Zulia ,San Rafael del MojÃ¡n,"Para B2C ğŸ† Grupo Victoria ğŸŸ¡
Para B2B e Industrial ğŸŒŸ Luselago ğŸŸ¨""",San Rafael,Mara
Zulia ,San Timoteo,"Para B2C ğŸ† Grupo Victoria ğŸŸ¡
Para B2B e Industrial ğŸŒŸ Luselago ğŸŸ¨""",San Timoteo,Baralt
Zulia ,Santa BÃ¡rbara Del Zulia,"Para B2C ğŸ† Grupo Victoria ğŸŸ¡
Para B2B e Industrial ğŸŒŸ Luselago ğŸŸ¨""",Moralito,ColÃ³n
Zulia ,Santa Cruz de Mara,"Para B2C ğŸ† Grupo Victoria ğŸŸ¡
Para B2B e Industrial ğŸŒŸ Luselago ğŸŸ¨""",San Rafael,Mara
Zulia ,Santa Cruz del Zulia,"Para B2C ğŸ† Grupo Victoria ğŸŸ¡
Para B2B e Industrial ğŸŒŸ Luselago ğŸŸ¨""",Moralito,ColÃ³n
Zulia ,Santa Rita,"Para B2C ğŸ† Grupo Victoria ğŸŸ¡
Para B2B e Industrial ğŸŒŸ Luselago ğŸŸ¨""",Santa Rita,Santa Rita
Zulia ,Sinamaica,"Para B2C ğŸ† Grupo Victoria ğŸŸ¡
Para B2B e Industrial ğŸŒŸ Luselago ğŸŸ¨""",Sinamaica,Guajira
Zulia ,Tamare,"Para B2C ğŸ† Grupo Victoria ğŸŸ¡
Para B2B e Industrial ğŸŒŸ Luselago ğŸŸ¨""",San Rafael,Mara
Zulia ,TÃ­a Juana,"Para B2C ğŸ† Grupo Victoria ğŸŸ¡
Para B2B e Industrial ğŸŒŸ Luselago ğŸŸ¨""",BergantÃ­n,SimÃ³n BolÃ­var
Zulia ,Villa del Rosario,"Para B2C ğŸ† Grupo Victoria ğŸŸ¡
Para B2B e Industrial ğŸŒŸ Luselago ğŸŸ¨""",Villa del Rosario,Rosario de PerijÃ¡ 